name,group,input,area_fraction,n_regions,verified_vs_gt
Average_mosaic_260619_HC_316L_fatigue_1000_cycles_idx00000_mosaictileAA_img001of010.xrm.bim.bim,AM 316LH Fatigue,flatfielded,0.03488,138,False
Average_mosaic_260619_HC_316L_fatigue_1100_cycles_idx00000_mosaictileAA_img001of010.xrm.bim.bim,AM 316LH Fatigue,flatfielded,0.07205,172,False
Average_mosaic_260619_HC_316L_fatigue_1200_cycles_idx00000_mosaictileAA_img001of010.xrm.bim.bim,AM 316LH Fatigue,flatfielded,0.01824,50,False
Average_mosaic_260619_HC_316L_fatigue_1250_cycles_idx00000_mosaictileAA_img001of010.xrm.bim.bim,AM 316LH Fatigue,flatfielded,0.70264,44,False
Average_mosaic_260619_HC_316L_fatigue_1300_cycles_2_idx00000_mosaictileAA_img001of010.xrm.bim.bim,AM 316LH Fatigue,flatfielded,0.02211,63,False
Average_mosaic_260619_HC_316L_fatigue_1350_cycles_idx00000_mosaictileAA_img001of010.xrm.bim.bim,AM 316LH Fatigue,flatfielded,0.05342,162,False
Average_mosaic_260619_HC_316L_fatigue_1400_cycles_idx00000_mosaictileAA_img001of010.xrm.bim.bim,AM 316LH Fatigue,flatfielded,0.38487,351,False
Average_mosaic_260619_HC_316L_fatigue_1400_cycles_tip_idx00000_mosaictileAA_img001of010.xrm.bim.bim,AM 316LH Fatigue,flatfielded,0.72906,42,False
Average_mosaic_260619_HC_316L_fatigue_1450_cycles_idx00000_mosaictileAA_img001of010.xrm.bim.bim,AM 316LH Fatigue,flatfielded,0.15925,330,False
Average_mosaic_260619_HC_316L_fatigue_1450_cycles_tip_idx00000_mosaictileAA_img001of010.xrm.bim.bim,AM 316LH Fatigue,flatfielded,0.67546,97,False
Average_mosaic_260619_HC_316L_fatigue_1500_cycles_idx00000_mosaictileAA_img001of010.xrm.bim.bim,AM 316LH Fatigue,flatfielded,0.03136,52,False
Average_mosaic_260619_HC_316L_fatigue_1600_cycles_idx00000_mosaictileAA_img001of010.xrm.bim.bim,AM 316LH Fatigue,flatfielded,0.00858,28,False
Average_mosaic_260619_HC_316L_fatigue_1650_cycles_idx00000_mosaictileAA_img001of010.xrm.bim.bim,AM 316LH Fatigue,flatfielded,0.00891,15,False
Average_mosaic_260619_HC_316L_fatigue_1650_cycles_tip_idx00000_mosaictileAA_img001of010.xrm.bim.bim,AM 316LH Fatigue,flatfielded,0.72693,52,False
Average_mosaic_260619_HC_316L_fatigue_1750_cycles_idx00000_mosaictileAA_img001of010.xrm.bim.bim,AM 316LH Fatigue,flatfielded,0.56125,136,False
Average_mosaic_260619_HC_316L_fatigue_1750_tip_zoom_idx00000_mosaictileAA_img001of010.xrm.bim.bim,AM 316LH Fatigue,flatfielded,0.78120,13,False
Average_mosaic_260619_HC_316L_fatigue_1760_tip_zoom_idx00000_mosaictileAA_img001of010.xrm.bim.bim,AM 316LH Fatigue,flatfielded,0.74436,49,False
Average_mosaic_260619_HC_316L_fatigue_1770_tip_zoom_idx00000_mosaictileAA_img001of010.xrm.bim.bim,AM 316LH Fatigue,flatfielded,0.67677,97,False
Average_mosaic_260619_HC_316L_fatigue_1780_tip_zoom_2_idx00000_mosaictileAA_img001of010.xrm.bim.bim,AM 316LH Fatigue,flatfielded,0.50342,241,False
Average_mosaic_260619_HC_316L_fatigue_1790_cycles_idx00000_mosaictileAA_img001of010.xrm.bim.bim,AM 316LH Fatigue,flatfielded,0.22625,76,False
Average_mosaic_260619_HC_316L_fatigue_1790_tip_zoom_2_idx00000_mosaictileAA_img001of010.xrm.bim.bim,AM 316LH Fatigue,flatfielded,0.63049,121,False
Average_mosaic_260619_HC_316L_fatigue_200_cycles_idx00000_mosaictileAA_img001of010.xrm.bim.bim,AM 316LH Fatigue,flatfielded,0.03227,95,False
Average_mosaic_260619_HC_316L_fatigue_400_cycles_idx00000_mosaictileAA_img001of010.xrm.bim.bim,AM 316LH Fatigue,flatfielded,0.22137,100,False
Average_mosaic_260619_HC_316L_fatigue_600_cycles_idx00000_mosaictileAA_img001of010.xrm.bim.bim,AM 316LH Fatigue,flatfielded,0.03004,126,False
Average_mosaic_260619_HC_316L_fatigue_700_cycles_idx00000_mosaictileAA_img001of010.xrm.bim.bim,AM 316LH Fatigue,flatfielded,0.02494,88,False
Average_mosaic_260619_HC_316L_fatigue_800_cycles_idx00000_mosaictileAA_img001of010.xrm.bim.bim,AM 316LH Fatigue,flatfielded,0.01694,81,False
Average_mosaic_260619_HC_316L_fatigue_900_cycles_FRFR_idx00000_mosaictileAA_img001of010.xrm.bim.bim,AM 316LH Fatigue,flatfielded,0.04802,123,False
Average_mosaic_260618_B2_2_1_lbf_idx00000_mosaictileAA_img001of005.xrm.bim.bim,B2 316L H Tension,raw,0.14121,252,True
Average_mosaic_260618_B2_2_9_lbf_idx00000_mosaictileAA_img001of005.xrm.bim.bim,B2 316L H Tension,raw,0.11513,282,True
Average_mosaic_260618_B2_333_75_um_zoom_idx00000_mosaictileAA_img001of010.xrm.bim.bim,B2 316L H Tension,raw,0.26086,17,True
Average_mosaic_260618_B2_3_1_lbf_idx00000_mosaictileAA_img001of010.xrm.bim.bim,B2 316L H Tension,raw,0.10032,347,True
Average_mosaic_260618_B2_3_2_lbf_idx00000_mosaictileAA_img001of010.xrm.bim.bim,B2 316L H Tension,raw,0.11801,314,True
Average_mosaic_260618_B2_amb_mosaic_2_idx00000_mosaictileAA_img001of005.xrm.bim.bim,B2 316L H Tension,raw,0.06075,160,True
Average_mosaic_260618_b2_335_31um_FRFR_idx00000_mosaictileAA_img001of010.xrm.bim.bim,B2 316L H Tension,raw,0.27980,33,True
Average_mosaic_260618_b2_336_25_idx00000_mosaictileAA_img001of010.xrm.bim.bim,B2 316L H Tension,raw,0.28497,31,True
Average_mosaic_260618_b2_337_19_idx00000_mosaictileAA_img001of010.xrm.bim.bim,B2 316L H Tension,raw,0.28280,34,True
Average_mosaic_260618_b2_338_13_idx00000_mosaictileAA_img001of010.xrm.bim.bim,B2 316L H Tension,raw,0.30101,29,True
Average_mosaic_260618_b2_339_06_idx00000_mosaictileAA_img001of010.xrm.bim.bim,B2 316L H Tension,raw,0.31207,25,True
Average_mosaic_260618_b2_340_00_idx00000_mosaictileAA_img001of010.xrm.bim.bim,B2 316L H Tension,raw,0.26259,35,True
Average_mosaic_260618_b2_340_94_idx00000_mosaictileAA_img001of010.xrm.bim.bim,B2 316L H Tension,raw,0.28122,31,True
Average_mosaic_260618_b2_341_88_take2_idx00000_mosaictileAA_img001of010.xrm.bim.bim,B2 316L H Tension,raw,0.28947,31,True
Average_mosaic_260618_b2_342_81_idx00000_mosaictileAA_img001of010.xrm.bim.bim,B2 316L H Tension,raw,0.29014,25,True
Average_mosaic_260618_b2_343_75_LARGE_idx00000_mosaictileAA_img001of010.xrm.bim.bim,B2 316L H Tension,raw,0.18453,136,True
Average_mosaic_260618_b2_343_75_idx00000_mosaictileAA_img001of010.xrm.bim.bim,B2 316L H Tension,raw,0.30848,22,True
Average_mosaic_260618_b3_amb_idx00000_mosaictileAA_img001of010.xrm.bim.bim,B3 316L Amb Tension,raw,0.03187,26,True
Average_mosaic_260620_b3_362_50um_idx00000_mosaictileAA_img001of010.xrm.bim.bim,B3 316L Amb Tension,raw,0.03810,42,True
Average_mosaic_260620_b3_380_00um_4_idx00000_mosaictileAA_img001of010.xrm.bim.bim,B3 316L Amb Tension,raw,0.01420,74,True
Average_mosaic_260620_b3_380_00um_ZOOM_idx00000_mosaictileAA_img001of010.xrm.bim.bim,B3 316L Amb Tension,raw,0.05759,43,True
Average_mosaic_260620_b3_380_00um_idx00000_mosaictileAA_img001of010.xrm.bim.bim,B3 316L Amb Tension,raw,0.01593,97,True
Average_mosaic_260620_b3_380_94um_ZOOM_idx00000_mosaictileAA_img001of010.xrm.bim.bim,B3 316L Amb Tension,raw,0.06744,34,True
Average_mosaic_260620_b3_381_88um_ZOOM_idx00000_mosaictileAA_img001of010.xrm.bim.bim,B3 316L Amb Tension,raw,0.06148,40,True
Average_mosaic_260620_b3_383_75um_ZOOM_idx00000_mosaictileAA_img001of010.xrm.bim.bim,B3 316L Amb Tension,raw,0.06332,41,True
Average_mosaic_260620_b3_385_63um_ZOOM_idx00000_mosaictileAA_img001of010.xrm.bim.bim,B3 316L Amb Tension,raw,0.08123,46,True
Average_mosaic_260620_b3_388_13um_LARGE_2_idx00000_mosaictileAA_img001of010.xrm.bim.bim,B3 316L Amb Tension,raw,0.01597,104,True
Average_mosaic_260620_b3_388_13um_ZOOM_idx00000_mosaictileAA_img001of010.xrm.bim.bim,B3 316L Amb Tension,raw,0.10478,63,True
Average_mosaic_260620_b3_3_0lbf_268_13um_idx00000_mosaictileAA_img001of010.xrm.bim.bim,B3 316L Amb Tension,raw,0.03332,33,True
Average_mosaic_260620_b3_3_18lbf_348_13um_idx00000_mosaictileAA_img001of010.xrm.bim.bim,B3 316L Amb Tension,raw,0.03087,25,True
Average_mosaic_260620_wrought_316L_fatigue_0_cycles_idx00000_mosaictileAA_img001of010.xrm.bim.bim,Wrought 316L H Fatigue,flatfielded,0.02061,60,False
Average_mosaic_260620_wrought_316L_fatigue_1000_cycles_idx00000_mosaictileAA_img001of010.xrm.bim.bim,Wrought 316L H Fatigue,flatfielded,0.04710,177,False
Average_mosaic_260620_wrought_316L_fatigue_1100_cycles_crack_idx00000_mosaictileAA_img001of010.xrm.bim.bim,Wrought 316L H Fatigue,flatfielded,0.05157,57,False
Average_mosaic_260620_wrought_316L_fatigue_1100_cycles_idx00000_mosaictileAA_img001of010.xrm.bim.bim,Wrought 316L H Fatigue,flatfielded,0.03570,81,False
Average_mosaic_260620_wrought_316L_fatigue_1200_cycles_crack_idx00000_mosaictileAA_img001of010.xrm.bim.bim,Wrought 316L H Fatigue,flatfielded,0.02140,46,False
Average_mosaic_260620_wrought_316L_fatigue_1250_cycles_crack_idx00000_mosaictileAA_img001of010.xrm.bim.bim,Wrought 316L H Fatigue,flatfielded,0.02680,63,False
Average_mosaic_260620_wrought_316L_fatigue_1260_cycles_crack_idx00000_mosaictileAA_img001of010.xrm.bim.bim,Wrought 316L H Fatigue,flatfielded,0.01820,19,False
Average_mosaic_260620_wrought_316L_fatigue_1270_cycles_crack_idx00000_mosaictileAA_img001of010.xrm.bim.bim,Wrought 316L H Fatigue,flatfielded,0.02272,19,False
Average_mosaic_260620_wrought_316L_fatigue_1280_cycles_crack_idx00000_mosaictileAA_img001of010.xrm.bim.bim,Wrought 316L H Fatigue,flatfielded,0.02262,16,False
Average_mosaic_260620_wrought_316L_fatigue_1290_cycles_crack_idx00000_mosaictileAA_img001of010.xrm.bim.bim,Wrought 316L H Fatigue,flatfielded,0.01916,13,False
Average_mosaic_260620_wrought_316L_fatigue_1300_cycles_crack_idx00000_mosaictileAA_img001of010.xrm.bim.bim,Wrought 316L H Fatigue,flatfielded,0.02128,17,False
Average_mosaic_260620_wrought_316L_fatigue_300_cycles_idx00000_mosaictileAA_img001of010.xrm.bim.bim,Wrought 316L H Fatigue,flatfielded,0.07619,256,False
Average_mosaic_260620_wrought_316L_fatigue_800_cycles_idx00000_mosaictileAA_img001of010.xrm.bim.bim,Wrought 316L H Fatigue,flatfielded,0.01221,47,False
Average_mosaic_260620_wrought_316L_fatigue_900_cycles_idx00000_mosaictileAA_img001of010.xrm.bim.bim,Wrought 316L H Fatigue,flatfielded,0.01922,55,False
