name,group,area_fraction,n_regions,trusted_group
Average_mosaic_260619_HC_316L_fatigue_1000_cycles_idx00000_mosaictileAA_img001of010.xrm.bim.bim,AM 316LH Fatigue,0.08991,253,False
Average_mosaic_260619_HC_316L_fatigue_1100_cycles_idx00000_mosaictileAA_img001of010.xrm.bim.bim,AM 316LH Fatigue,0.12466,217,False
Average_mosaic_260619_HC_316L_fatigue_1200_cycles_idx00000_mosaictileAA_img001of010.xrm.bim.bim,AM 316LH Fatigue,0.10817,204,False
Average_mosaic_260619_HC_316L_fatigue_1250_cycles_idx00000_mosaictileAA_img001of010.xrm.bim.bim,AM 316LH Fatigue,0.49615,71,False
Average_mosaic_260619_HC_316L_fatigue_1300_cycles_2_idx00000_mosaictileAA_img001of010.xrm.bim.bim,AM 316LH Fatigue,0.11784,238,False
Average_mosaic_260619_HC_316L_fatigue_1350_cycles_idx00000_mosaictileAA_img001of010.xrm.bim.bim,AM 316LH Fatigue,0.11529,201,False
Average_mosaic_260619_HC_316L_fatigue_1400_cycles_idx00000_mosaictileAA_img001of010.xrm.bim.bim,AM 316LH Fatigue,0.16497,167,False
Average_mosaic_260619_HC_316L_fatigue_1400_cycles_tip_idx00000_mosaictileAA_img001of010.xrm.bim.bim,AM 316LH Fatigue,0.44142,139,False
Average_mosaic_260619_HC_316L_fatigue_1450_cycles_idx00000_mosaictileAA_img001of010.xrm.bim.bim,AM 316LH Fatigue,0.09860,84,False
Average_mosaic_260619_HC_316L_fatigue_1450_cycles_tip_idx00000_mosaictileAA_img001of010.xrm.bim.bim,AM 316LH Fatigue,0.40197,163,False
Average_mosaic_260619_HC_316L_fatigue_1500_cycles_idx00000_mosaictileAA_img001of010.xrm.bim.bim,AM 316LH Fatigue,0.09890,101,False
Average_mosaic_260619_HC_316L_fatigue_1600_cycles_idx00000_mosaictileAA_img001of010.xrm.bim.bim,AM 316LH Fatigue,0.11422,96,False
Average_mosaic_260619_HC_316L_fatigue_1650_cycles_idx00000_mosaictileAA_img001of010.xrm.bim.bim,AM 316LH Fatigue,0.08927,84,False
Average_mosaic_260619_HC_316L_fatigue_1650_cycles_tip_idx00000_mosaictileAA_img001of010.xrm.bim.bim,AM 316LH Fatigue,0.39494,107,False
Average_mosaic_260619_HC_316L_fatigue_1750_cycles_idx00000_mosaictileAA_img001of010.xrm.bim.bim,AM 316LH Fatigue,0.14765,122,False
Average_mosaic_260619_HC_316L_fatigue_1750_tip_zoom_idx00000_mosaictileAA_img001of010.xrm.bim.bim,AM 316LH Fatigue,0.34158,104,False
Average_mosaic_260619_HC_316L_fatigue_1760_tip_zoom_idx00000_mosaictileAA_img001of010.xrm.bim.bim,AM 316LH Fatigue,0.37239,276,False
Average_mosaic_260619_HC_316L_fatigue_1770_tip_zoom_idx00000_mosaictileAA_img001of010.xrm.bim.bim,AM 316LH Fatigue,0.36807,309,False
Average_mosaic_260619_HC_316L_fatigue_1780_tip_zoom_2_idx00000_mosaictileAA_img001of010.xrm.bim.bim,AM 316LH Fatigue,0.32288,222,False
Average_mosaic_260619_HC_316L_fatigue_1790_cycles_idx00000_mosaictileAA_img001of010.xrm.bim.bim,AM 316LH Fatigue,0.08390,102,False
Average_mosaic_260619_HC_316L_fatigue_1790_tip_zoom_2_idx00000_mosaictileAA_img001of010.xrm.bim.bim,AM 316LH Fatigue,0.32782,234,False
Average_mosaic_260619_HC_316L_fatigue_200_cycles_idx00000_mosaictileAA_img001of010.xrm.bim.bim,AM 316LH Fatigue,0.07615,240,False
Average_mosaic_260619_HC_316L_fatigue_400_cycles_idx00000_mosaictileAA_img001of010.xrm.bim.bim,AM 316LH Fatigue,0.11432,468,False
Average_mosaic_260619_HC_316L_fatigue_600_cycles_idx00000_mosaictileAA_img001of010.xrm.bim.bim,AM 316LH Fatigue,0.04492,423,False
Average_mosaic_260619_HC_316L_fatigue_700_cycles_idx00000_mosaictileAA_img001of010.xrm.bim.bim,AM 316LH Fatigue,0.05628,140,False
Average_mosaic_260619_HC_316L_fatigue_800_cycles_idx00000_mosaictileAA_img001of010.xrm.bim.bim,AM 316LH Fatigue,0.07734,188,False
Average_mosaic_260619_HC_316L_fatigue_900_cycles_FRFR_idx00000_mosaictileAA_img001of010.xrm.bim.bim,AM 316LH Fatigue,0.08841,275,False
Average_mosaic_260618_B2_2_1_lbf_idx00000_mosaictileAA_img001of005.xrm.bim.bim,B2 316L H Tension,0.14121,252,True
Average_mosaic_260618_B2_2_9_lbf_idx00000_mosaictileAA_img001of005.xrm.bim.bim,B2 316L H Tension,0.11513,282,True
Average_mosaic_260618_B2_333_75_um_zoom_idx00000_mosaictileAA_img001of010.xrm.bim.bim,B2 316L H Tension,0.26086,17,True
Average_mosaic_260618_B2_3_1_lbf_idx00000_mosaictileAA_img001of010.xrm.bim.bim,B2 316L H Tension,0.10032,347,True
Average_mosaic_260618_B2_3_2_lbf_idx00000_mosaictileAA_img001of010.xrm.bim.bim,B2 316L H Tension,0.11801,314,True
Average_mosaic_260618_B2_amb_mosaic_2_idx00000_mosaictileAA_img001of005.xrm.bim.bim,B2 316L H Tension,0.06075,160,True
Average_mosaic_260618_b2_335_31um_FRFR_idx00000_mosaictileAA_img001of010.xrm.bim.bim,B2 316L H Tension,0.27980,33,True
Average_mosaic_260618_b2_336_25_idx00000_mosaictileAA_img001of010.xrm.bim.bim,B2 316L H Tension,0.28497,31,True
Average_mosaic_260618_b2_337_19_idx00000_mosaictileAA_img001of010.xrm.bim.bim,B2 316L H Tension,0.28280,34,True
Average_mosaic_260618_b2_338_13_idx00000_mosaictileAA_img001of010.xrm.bim.bim,B2 316L H Tension,0.30101,29,True
Average_mosaic_260618_b2_339_06_idx00000_mosaictileAA_img001of010.xrm.bim.bim,B2 316L H Tension,0.31207,25,True
Average_mosaic_260618_b2_340_00_idx00000_mosaictileAA_img001of010.xrm.bim.bim,B2 316L H Tension,0.26259,35,True
Average_mosaic_260618_b2_340_94_idx00000_mosaictileAA_img001of010.xrm.bim.bim,B2 316L H Tension,0.28122,31,True
Average_mosaic_260618_b2_341_88_take2_idx00000_mosaictileAA_img001of010.xrm.bim.bim,B2 316L H Tension,0.28947,31,True
Average_mosaic_260618_b2_342_81_idx00000_mosaictileAA_img001of010.xrm.bim.bim,B2 316L H Tension,0.29014,25,True
Average_mosaic_260618_b2_343_75_LARGE_idx00000_mosaictileAA_img001of010.xrm.bim.bim,B2 316L H Tension,0.18453,136,True
Average_mosaic_260618_b2_343_75_idx00000_mosaictileAA_img001of010.xrm.bim.bim,B2 316L H Tension,0.30848,22,True
Average_mosaic_260618_b3_amb_idx00000_mosaictileAA_img001of010.xrm.bim.bim,B3 316L Amb Tension,0.03187,26,True
Average_mosaic_260620_b3_362_50um_idx00000_mosaictileAA_img001of010.xrm.bim.bim,B3 316L Amb Tension,0.03810,42,True
Average_mosaic_260620_b3_380_00um_4_idx00000_mosaictileAA_img001of010.xrm.bim.bim,B3 316L Amb Tension,0.01420,74,True
Average_mosaic_260620_b3_380_00um_ZOOM_idx00000_mosaictileAA_img001of010.xrm.bim.bim,B3 316L Amb Tension,0.05759,43,True
Average_mosaic_260620_b3_380_00um_idx00000_mosaictileAA_img001of010.xrm.bim.bim,B3 316L Amb Tension,0.01593,97,True
Average_mosaic_260620_b3_380_94um_ZOOM_idx00000_mosaictileAA_img001of010.xrm.bim.bim,B3 316L Amb Tension,0.06744,34,True
Average_mosaic_260620_b3_381_88um_ZOOM_idx00000_mosaictileAA_img001of010.xrm.bim.bim,B3 316L Amb Tension,0.06148,40,True
Average_mosaic_260620_b3_383_75um_ZOOM_idx00000_mosaictileAA_img001of010.xrm.bim.bim,B3 316L Amb Tension,0.06332,41,True
Average_mosaic_260620_b3_385_63um_ZOOM_idx00000_mosaictileAA_img001of010.xrm.bim.bim,B3 316L Amb Tension,0.08123,46,True
Average_mosaic_260620_b3_388_13um_LARGE_2_idx00000_mosaictileAA_img001of010.xrm.bim.bim,B3 316L Amb Tension,0.01597,104,True
Average_mosaic_260620_b3_388_13um_ZOOM_idx00000_mosaictileAA_img001of010.xrm.bim.bim,B3 316L Amb Tension,0.10478,63,True
Average_mosaic_260620_b3_3_0lbf_268_13um_idx00000_mosaictileAA_img001of010.xrm.bim.bim,B3 316L Amb Tension,0.03332,33,True
Average_mosaic_260620_b3_3_18lbf_348_13um_idx00000_mosaictileAA_img001of010.xrm.bim.bim,B3 316L Amb Tension,0.03087,25,True
Average_mosaic_260620_wrought_316L_fatigue_0_cycles_idx00000_mosaictileAA_img001of010.xrm.bim.bim,Wrought 316L H Fatigue,0.06602,267,False
Average_mosaic_260620_wrought_316L_fatigue_1000_cycles_idx00000_mosaictileAA_img001of010.xrm.bim.bim,Wrought 316L H Fatigue,0.24884,488,False
Average_mosaic_260620_wrought_316L_fatigue_1100_cycles_crack_idx00000_mosaictileAA_img001of010.xrm.bim.bim,Wrought 316L H Fatigue,0.27738,205,False
Average_mosaic_260620_wrought_316L_fatigue_1100_cycles_idx00000_mosaictileAA_img001of010.xrm.bim.bim,Wrought 316L H Fatigue,0.26625,487,False
Average_mosaic_260620_wrought_316L_fatigue_1200_cycles_crack_idx00000_mosaictileAA_img001of010.xrm.bim.bim,Wrought 316L H Fatigue,0.29584,203,False
Average_mosaic_260620_wrought_316L_fatigue_1250_cycles_crack_idx00000_mosaictileAA_img001of010.xrm.bim.bim,Wrought 316L H Fatigue,0.25437,178,False
Average_mosaic_260620_wrought_316L_fatigue_1260_cycles_crack_idx00000_mosaictileAA_img001of010.xrm.bim.bim,Wrought 316L H Fatigue,0.22479,148,False
Average_mosaic_260620_wrought_316L_fatigue_1270_cycles_crack_idx00000_mosaictileAA_img001of010.xrm.bim.bim,Wrought 316L H Fatigue,0.20990,142,False
Average_mosaic_260620_wrought_316L_fatigue_1280_cycles_crack_idx00000_mosaictileAA_img001of010.xrm.bim.bim,Wrought 316L H Fatigue,0.21345,122,False
Average_mosaic_260620_wrought_316L_fatigue_1290_cycles_crack_idx00000_mosaictileAA_img001of010.xrm.bim.bim,Wrought 316L H Fatigue,0.14451,107,False
Average_mosaic_260620_wrought_316L_fatigue_1300_cycles_crack_idx00000_mosaictileAA_img001of010.xrm.bim.bim,Wrought 316L H Fatigue,0.14621,115,False
Average_mosaic_260620_wrought_316L_fatigue_300_cycles_idx00000_mosaictileAA_img001of010.xrm.bim.bim,Wrought 316L H Fatigue,0.17396,412,False
Average_mosaic_260620_wrought_316L_fatigue_800_cycles_idx00000_mosaictileAA_img001of010.xrm.bim.bim,Wrought 316L H Fatigue,0.24763,410,False
Average_mosaic_260620_wrought_316L_fatigue_900_cycles_idx00000_mosaictileAA_img001of010.xrm.bim.bim,Wrought 316L H Fatigue,0.25154,504,False
